{
    "disk_usage_percent": {
        "min": 75,
        "avg": 75,
        "median": 75,
        "max": 75
    },
    "memory_usage_percent": {
        "min": 70,
        "avg": 87.75,
        "median": 90.5,
        "max": 100
    },
    "network_bytes_out": {
        "min": 654321,
        "avg": 654321,
        "median": 654321,
        "max": 654321
    },
    "cpu_usage_percent": {
        "min": 55,
        "avg": 57,
        "median": 56,
        "max": 60
    },
    "network_bytes_in": {
        "min": 123321,
        "avg": 123321,
        "median": 123321,
        "max": 123321
    }
}