{
    "response_times": {
        "\"/api/backup/status\"": {
            "average": 115.9,
            "min": 0,
            "median": 100,
            "max": 350
        },
        "\"/api/save\"": {
            "average": 300,
            "min": 300,
            "median": 300,
            "max": 300
        },
        "\"/api/health\"": {
            "average": 120,
            "min": 120,
            "median": 120,
            "max": 120
        },
        "\"/api/rebackup\"": {
            "average": 400,
            "min": 400,
            "median": 400,
            "max": 400
        },
        "\"/api/update\"": {
            "average": 220,
            "min": 220,
            "median": 220,
            "max": 220
        },
        "\"/$8@#%*\"": {
            "average": 261.57142857142856,
            "min": 31,
            "median": 300,
            "max": 300
        },
        "\"/config\"": {
            "average": 10,
            "min": 10,
            "median": 10,
            "max": 10
        }
    },
    "status_codes": {
        "\"/api/backup/status\"": {
            "Unknown": 2,
            "2XX": 8
        },
        "\"/api/save\"": {"2XX": 1},
        "\"/api/health\"": {"2XX": 1},
        "\"/api/rebackup\"": {"2XX": 2},
        "\"/api/update\"": {"4XX": 1},
        "\"/$8@#%*\"": {
            "4XX": 1,
            "2XX": 6
        },
        "\"/config\"": {"4XX": 1}
    }
}